ID_x,SessionID_x,SessionSignalID,StateIndex,StartTime,EndTime,RadarModeID,SignalS3Path,AntennaNumber,RStart,Fps,Pps,ID_y,SessionID_y,RespDetected,InhaleTime,ExhaleTime,StopTime,RespirationRate,HrDetected,HeartRate,MotionDetected,MotionStartIndex,MotionEndIndex,RespPreprocessTime,RespAnalysisTime,HrPreprocessTime,HrAnalysisTime,StateName,LocalFilePath
739552,379,153,3,2025-02-26 22:48:21,2025-02-26 22:49:22,3,system-sessions/379//Signals/153.npy,[23],,,,60097,379,0,,,,,0,,0,,,0.16,1.25,,,Respiration_in_bed,./data/379/Signals/153.npy
739553,379,154,3,2025-02-26 22:49:22,2025-02-26 22:50:23,3,system-sessions/379//Signals/154.npy,[23],,,,60098,379,0,,,,,0,,0,,,0.12,1.14,,,Respiration_in_bed,./data/379/Signals/154.npy
739554,379,155,3,2025-02-26 22:50:22,2025-02-26 22:51:24,3,system-sessions/379//Signals/155.npy,[23],,,,60099,379,0,,,,,0,,0,,,0.19,1.3,,,Respiration_in_bed,./data/379/Signals/155.npy
739555,379,156,3,2025-02-26 22:51:23,2025-02-26 22:52:25,3,system-sessions/379//Signals/156.npy,[23],,,,60100,379,0,,,,,0,,0,,,0.13,2.19,,,Respiration_in_bed,./data/379/Signals/156.npy
739556,379,157,3,2025-02-26 22:52:24,2025-02-26 22:53:25,3,system-sessions/379//Signals/157.npy,[23],,,,60101,379,0,,,,,0,,0,,,0.12,1.41,,,Respiration_in_bed,./data/379/Signals/157.npy
739557,379,158,3,2025-02-26 22:53:25,2025-02-26 22:54:26,3,system-sessions/379//Signals/158.npy,[23],,,,60102,379,0,,,,,0,,0,,,0.13,1.31,,,Respiration_in_bed,./data/379/Signals/158.npy
739558,379,159,3,2025-02-26 22:54:26,2025-02-26 22:55:27,3,system-sessions/379//Signals/159.npy,[23],,,,60103,379,0,,,,,0,,0,,,0.13,2.01,,,Respiration_in_bed,./data/379/Signals/159.npy
739559,379,160,3,2025-02-26 22:55:26,2025-02-26 22:56:28,3,system-sessions/379//Signals/160.npy,[23],,,,60104,379,1,1.03015,1.28643,0.663317,0.2,1,1.055,0,,,0.25,2.57,2.01,76.82,Respiration_in_bed,./data/379/Signals/160.npy
739560,379,161,3,2025-02-26 22:56:27,2025-02-26 22:57:29,3,system-sessions/379//Signals/161.npy,[23],,,,60105,379,1,1.17972,2.15719,0.401606,0.167,1,1.048,0,,,1.56,19.69,1.76,63.26,Respiration_in_bed,./data/379/Signals/161.npy
739561,379,162,3,2025-02-26 22:57:29,2025-02-26 22:58:31,3,system-sessions/379//Signals/162.npy,[23],,,,60106,379,0,,,,,0,,0,,,1.01,24.91,,,Respiration_in_bed,./data/379/Signals/162.npy
739572,379,173,5,2025-02-26 22:58:48,2025-02-26 22:59:49,3,system-sessions/379//Signals/173.npy,[23],,,,60107,379,0,,,,,0,,0,,,0.17,2.75,,,Respiration_in_bed,./data/379/Signals/173.npy
739573,379,174,5,2025-02-26 22:59:49,2025-02-26 23:00:50,3,system-sessions/379//Signals/174.npy,[23],,,,60108,379,1,1.35678,1.50754,0.38191,0.217,1,1.055,0,,,0.12,2.27,1.83,62.61,Respiration_in_bed,./data/379/Signals/174.npy
739574,379,175,5,2025-02-26 23:00:49,2025-02-26 23:01:52,3,system-sessions/379//Signals/175.npy,[23],,,,60109,379,0,,,,,0,,0,,,1.0,5.77,,,Respiration_in_bed,./data/379/Signals/175.npy
739575,379,176,5,2025-02-26 23:01:51,2025-02-26 23:02:53,3,system-sessions/379//Signals/176.npy,[23],,,,60110,379,1,2.27316,1.37058,1.47923,0.146,1,1.079,0,,,0.13,2.47,1.7,70.28,Respiration_in_bed,./data/379/Signals/176.npy
739576,379,177,5,2025-02-26 23:02:52,2025-02-26 23:03:53,3,system-sessions/379//Signals/177.npy,[23],,,,60111,379,0,,,,,0,,0,,,0.22,15.09,,,Respiration_in_bed,./data/379/Signals/177.npy
739577,379,178,5,2025-02-26 23:03:53,2025-02-26 23:04:54,3,system-sessions/379//Signals/178.npy,[23],,,,60112,379,0,,,,,0,,0,,,0.13,3.32,,,Respiration_in_bed,./data/379/Signals/178.npy
739578,379,179,5,2025-02-26 23:04:54,2025-02-26 23:05:55,3,system-sessions/379//Signals/179.npy,[23],,,,60113,379,1,3.40852,2.60745,1.80451,0.1,1,1.152,0,,,0.12,2.33,1.69,61.66,Respiration_in_bed,./data/379/Signals/179.npy
739579,379,180,5,2025-02-26 23:05:55,2025-02-26 23:06:56,3,system-sessions/379//Signals/180.npy,[23],,,,60114,379,0,,,,,0,,0,,,1.01,6.94,,,Respiration_in_bed,./data/379/Signals/180.npy
739580,379,181,5,2025-02-26 23:06:56,2025-02-26 23:07:57,3,system-sessions/379//Signals/181.npy,[23],,,,60115,379,0,,,,,0,,0,,,0.2,2.5,,,Respiration_in_bed,./data/379/Signals/181.npy
739581,379,182,5,2025-02-26 23:07:57,2025-02-26 23:08:58,3,system-sessions/379//Signals/182.npy,[23],,,,60116,379,1,2.25699,1.30899,1.12003,0.146,1,1.164,0,,,0.13,2.36,1.9,69.89,Respiration_in_bed,./data/379/Signals/182.npy
739592,379,193,7,2025-02-26 23:09:16,2025-02-26 23:10:17,3,system-sessions/379//Signals/193.npy,[23],,,,60117,379,1,3.05874,2.10526,1.47087,0.1,1,1.139,0,,,0.13,2.12,1.71,53.63,Respiration_in_bed,./data/379/Signals/193.npy
739593,379,194,7,2025-02-26 23:10:16,2025-02-26 23:11:18,3,system-sessions/379//Signals/194.npy,[23],,,,60118,379,0,,,,,0,,0,,,0.12,1.21,,,Respiration_in_bed,./data/379/Signals/194.npy
739594,379,195,7,2025-02-26 23:11:17,2025-02-26 23:12:18,3,system-sessions/379//Signals/195.npy,[23],,,,60119,379,0,,,,,0,,0,,,0.12,2.07,,,Respiration_in_bed,./data/379/Signals/195.npy
739595,379,196,7,2025-02-26 23:12:18,2025-02-26 23:13:19,3,system-sessions/379//Signals/196.npy,[23],,,,60120,379,0,,,,,0,,0,,,0.12,1.77,,,Respiration_in_bed,./data/379/Signals/196.npy
739596,379,197,7,2025-02-26 23:13:19,2025-02-26 23:14:20,3,system-sessions/379//Signals/197.npy,[23],,,,60121,379,0,,,,,0,,0,,,0.12,1.91,,,Respiration_in_bed,./data/379/Signals/197.npy
739597,379,198,7,2025-02-26 23:14:19,2025-02-26 23:15:20,3,system-sessions/379//Signals/198.npy,[23],,,,60122,379,0,,,,,0,,0,,,0.13,2.57,,,Respiration_in_bed,./data/379/Signals/198.npy
739598,379,199,7,2025-02-26 23:15:20,2025-02-26 23:16:21,3,system-sessions/379//Signals/199.npy,[23],,,,60123,379,0,,,,,0,,0,,,0.12,2.56,,,Respiration_in_bed,./data/379/Signals/199.npy
739599,379,200,7,2025-02-26 23:16:21,2025-02-26 23:17:22,3,system-sessions/379//Signals/200.npy,[23],,,,60124,379,0,,,,,0,,0,,,0.12,1.83,,,Respiration_in_bed,./data/379/Signals/200.npy
739600,379,201,7,2025-02-26 23:17:21,2025-02-26 23:18:23,3,system-sessions/379//Signals/201.npy,[23],,,,60125,379,0,,,,,0,,0,,,0.13,1.56,,,Respiration_in_bed,./data/379/Signals/201.npy
739601,379,202,7,2025-02-26 23:18:22,2025-02-26 23:19:23,3,system-sessions/379//Signals/202.npy,[23],,,,60126,379,0,,,,,0,,0,,,0.13,2.32,,,Respiration_in_bed,./data/379/Signals/202.npy
739612,379,213,9,2025-02-26 23:19:36,2025-02-26 23:20:37,3,system-sessions/379//Signals/213.npy,[23],,,,60127,379,0,,,,,0,,0,,,0.14,2.32,,,Respiration_in_bed,./data/379/Signals/213.npy
739613,379,214,9,2025-02-26 23:20:36,2025-02-26 23:21:38,3,system-sessions/379//Signals/214.npy,[23],,,,60128,379,0,,,,,0,,0,,,0.13,2.4,,,Respiration_in_bed,./data/379/Signals/214.npy
739614,379,215,9,2025-02-26 23:21:37,2025-02-26 23:22:38,3,system-sessions/379//Signals/215.npy,[23],,,,60129,379,0,,,,,0,,0,,,0.12,3.31,,,Respiration_in_bed,./data/379/Signals/215.npy
739615,379,216,9,2025-02-26 23:22:38,2025-02-26 23:23:39,3,system-sessions/379//Signals/216.npy,[23],,,,60130,379,0,,,,,0,,0,,,0.12,2.81,,,Respiration_in_bed,./data/379/Signals/216.npy
739616,379,217,9,2025-02-26 23:23:39,2025-02-26 23:24:40,3,system-sessions/379//Signals/217.npy,[23],,,,60131,379,0,,,,,0,,0,,,0.13,2.63,,,Respiration_in_bed,./data/379/Signals/217.npy
739617,379,218,9,2025-02-26 23:24:39,2025-02-26 23:25:40,3,system-sessions/379//Signals/218.npy,[23],,,,60132,379,0,,,,,0,,0,,,0.13,2.71,,,Respiration_in_bed,./data/379/Signals/218.npy
739618,379,219,9,2025-02-26 23:25:40,2025-02-26 23:26:41,3,system-sessions/379//Signals/219.npy,[23],,,,60133,379,0,,,,,0,,0,,,0.13,2.75,,,Respiration_in_bed,./data/379/Signals/219.npy
739619,379,220,9,2025-02-26 23:26:41,2025-02-26 23:27:42,3,system-sessions/379//Signals/220.npy,[23],,,,60134,379,1,2.20668,1.84047,1.19547,0.108,1,1.121,0,,,0.12,3.79,1.8,62.43,Respiration_in_bed,./data/379/Signals/220.npy
739620,379,221,9,2025-02-26 23:27:41,2025-02-26 23:28:43,3,system-sessions/379//Signals/221.npy,[23],,,,60135,379,0,,,,,0,,0,,,1.39,7.35,,,Respiration_in_bed,./data/379/Signals/221.npy
739621,379,222,9,2025-02-26 23:28:43,2025-02-26 23:29:44,3,system-sessions/379//Signals/222.npy,[23],,,,60136,379,1,1.56523,2.17257,1.23884,0.1,1,1.042,0,,,0.13,1.95,1.79,66.3,Respiration_in_bed,./data/379/Signals/222.npy
739632,379,233,11,2025-02-26 23:30:04,2025-02-26 23:31:06,3,system-sessions/379//Signals/233.npy,[23],,,,60137,379,0,,,,,0,,0,,,0.18,2.44,,,Respiration_in_bed,./data/379/Signals/233.npy
739633,379,234,11,2025-02-26 23:31:05,2025-02-26 23:32:06,3,system-sessions/379//Signals/234.npy,[23],,,,60138,379,0,,,,,0,,0,,,0.12,1.71,,,Respiration_in_bed,./data/379/Signals/234.npy
739634,379,235,11,2025-02-26 23:32:06,2025-02-26 23:33:07,3,system-sessions/379//Signals/235.npy,[23],,,,60139,379,0,,,,,0,,0,,,0.19,3.18,,,Respiration_in_bed,./data/379/Signals/235.npy
739635,379,236,11,2025-02-26 23:33:07,2025-02-26 23:34:08,3,system-sessions/379//Signals/236.npy,[23],,,,60140,379,0,,,,,0,,0,,,0.12,2.47,,,Respiration_in_bed,./data/379/Signals/236.npy
739636,379,237,11,2025-02-26 23:34:07,2025-02-26 23:35:09,3,system-sessions/379//Signals/237.npy,[23],,,,60141,379,0,,,,,0,,0,,,0.14,1.61,,,Respiration_in_bed,./data/379/Signals/237.npy
739637,379,238,11,2025-02-26 23:35:08,2025-02-26 23:36:09,3,system-sessions/379//Signals/238.npy,[23],,,,60142,379,0,,,,,0,,0,,,0.12,3.21,,,Respiration_in_bed,./data/379/Signals/238.npy
739638,379,239,11,2025-02-26 23:36:09,2025-02-26 23:37:10,3,system-sessions/379//Signals/239.npy,[23],,,,60143,379,0,,,,,0,,0,,,0.13,2.66,,,Respiration_in_bed,./data/379/Signals/239.npy
739639,379,240,11,2025-02-26 23:37:10,2025-02-26 23:38:11,3,system-sessions/379//Signals/240.npy,[23],,,,60144,379,0,,,,,0,,0,,,0.16,2.39,,,Respiration_in_bed,./data/379/Signals/240.npy
739640,379,241,11,2025-02-26 23:38:11,2025-02-26 23:39:12,3,system-sessions/379//Signals/241.npy,[23],,,,60145,379,0,,,,,0,,0,,,0.12,2.2,,,Respiration_in_bed,./data/379/Signals/241.npy
739641,379,242,11,2025-02-26 23:39:11,2025-02-26 23:40:13,3,system-sessions/379//Signals/242.npy,[23],,,,60146,379,0,,,,,0,,0,,,0.19,4.74,,,Respiration_in_bed,./data/379/Signals/242.npy
739652,379,253,13,2025-02-26 23:40:25,2025-02-26 23:41:26,3,system-sessions/379//Signals/253.npy,[23],,,,60147,379,0,,,,,0,,0,,,0.12,1.93,,,Respiration_in_bed,./data/379/Signals/253.npy
739653,379,254,13,2025-02-26 23:41:26,2025-02-26 23:42:27,3,system-sessions/379//Signals/254.npy,[23],,,,60148,379,0,,,,,0,,0,,,0.13,1.36,,,Respiration_in_bed,./data/379/Signals/254.npy
739654,379,255,13,2025-02-26 23:42:27,2025-02-26 23:43:28,3,system-sessions/379//Signals/255.npy,[23],,,,60149,379,1,1.31407,1.50754,0.253769,0.208,1,1.115,0,,,0.12,2.37,1.71,56.15,Respiration_in_bed,./data/379/Signals/255.npy
739655,379,256,13,2025-02-26 23:43:27,2025-02-26 23:44:29,3,system-sessions/379//Signals/256.npy,[23],,,,60150,379,1,1.34925,1.00921,0.582915,0.233,1,1.133,0,,,0.18,1.92,1.76,62.31,Respiration_in_bed,./data/379/Signals/256.npy
739656,379,257,13,2025-02-26 23:44:28,2025-02-26 23:45:30,3,system-sessions/379//Signals/257.npy,[23],,,,60151,379,0,,,,,0,,0,,,1.32,4.96,,,Respiration_in_bed,./data/379/Signals/257.npy
739657,379,258,13,2025-02-26 23:45:30,2025-02-26 23:46:31,3,system-sessions/379//Signals/258.npy,[23],,,,60152,379,0,,,,,0,,0,,,0.14,2.14,,,Respiration_in_bed,./data/379/Signals/258.npy
739658,379,259,13,2025-02-26 23:46:31,2025-02-26 23:47:32,3,system-sessions/379//Signals/259.npy,[23],,,,60153,379,0,,,,,0,,0,,,0.14,1.2,,,Respiration_in_bed,./data/379/Signals/259.npy
739659,379,260,13,2025-02-26 23:47:31,2025-02-26 23:48:33,3,system-sessions/379//Signals/260.npy,[23],,,,60154,379,0,,,,,0,,0,,,0.14,2.97,,,Respiration_in_bed,./data/379/Signals/260.npy
739660,379,261,13,2025-02-26 23:48:32,2025-02-26 23:49:33,3,system-sessions/379//Signals/261.npy,[23],,,,60155,379,0,,,,,0,,0,,,0.12,2.25,,,Respiration_in_bed,./data/379/Signals/261.npy
739661,379,262,13,2025-02-26 23:49:33,2025-02-26 23:50:34,3,system-sessions/379//Signals/262.npy,[23],,,,60156,379,0,,,,,0,,0,,,0.18,3.58,,,Respiration_in_bed,./data/379/Signals/262.npy
739672,379,273,15,2025-02-26 23:50:47,2025-02-26 23:51:48,3,system-sessions/379//Signals/273.npy,[23],,,,60157,379,0,,,,,0,,0,,,0.14,2.74,,,Respiration_in_bed,./data/379/Signals/273.npy
739673,379,274,15,2025-02-26 23:51:47,2025-02-26 23:52:49,3,system-sessions/379//Signals/274.npy,[23],,,,60158,379,1,1.65663,1.35452,0.40201,0.125,1,1.115,0,,,0.13,1.82,1.75,62.15,Respiration_in_bed,./data/379/Signals/274.npy
739674,379,275,15,2025-02-26 23:52:48,2025-02-26 23:53:50,3,system-sessions/379//Signals/275.npy,[23],,,,60159,379,0,,,,,0,,0,,,1.27,5.62,,,Respiration_in_bed,./data/379/Signals/275.npy
739675,379,276,15,2025-02-26 23:53:50,2025-02-26 23:54:51,3,system-sessions/379//Signals/276.npy,[23],,,,60160,379,0,,,,,0,,0,,,0.12,2.23,,,Respiration_in_bed,./data/379/Signals/276.npy
739676,379,277,15,2025-02-26 23:54:51,2025-02-26 23:55:52,3,system-sessions/379//Signals/277.npy,[23],,,,60161,379,1,0.900314,1.3454,0.714946,0.25,1,1.127,0,,,0.12,2.16,1.79,66.63,Respiration_in_bed,./data/379/Signals/277.npy
739677,379,278,15,2025-02-26 23:55:51,2025-02-26 23:56:53,3,system-sessions/379//Signals/278.npy,[23],,,,60162,379,1,1.33052,1.78378,0.523677,0.208,1,1.145,0,,,0.98,10.07,1.81,74.71,Respiration_in_bed,./data/379/Signals/278.npy
739678,379,279,15,2025-02-26 23:56:53,2025-02-26 23:57:54,3,system-sessions/379//Signals/279.npy,[23],,,,60163,379,1,1.21859,1.54271,0.266332,0.217,1,1.145,0,,,0.39,18.44,8.46,75.68,Respiration_in_bed,./data/379/Signals/279.npy
739679,379,280,15,2025-02-26 23:57:54,2025-02-26 23:58:55,3,system-sessions/379//Signals/280.npy,[23],,,,60164,379,1,1.20603,1.49749,0.040201,0.225,1,1.152,0,,,0.23,21.75,8.8,96.13,Respiration_in_bed,./data/379/Signals/280.npy
739680,379,281,15,2025-02-26 23:58:55,2025-02-26 23:59:57,3,system-sessions/379//Signals/281.npy,[23],,,,60165,379,1,1.34003,0.829146,1.00503,0.217,1,1.139,0,,,1.18,22.45,12.33,137.29,Respiration_in_bed,./data/379/Signals/281.npy
739681,379,282,15,2025-02-26 23:59:57,2025-02-27 00:00:59,3,system-sessions/379//Signals/282.npy,[23],,,,60166,379,1,1.27722,1.33166,0.414573,0.183,1,1.127,0,,,1.65,24.98,7.18,139.82,Respiration_in_bed,./data/379/Signals/282.npy
739692,379,293,17,2025-02-27 00:01:20,2025-02-27 00:02:24,3,system-sessions/379//Signals/293.npy,[23],,,,60167,379,1,1.44054,0.929648,0.854271,0.217,1,1.139,0,,,1.36,38.44,10.91,189.39,Respiration_in_bed,./data/379/Signals/293.npy
739693,379,294,17,2025-02-27 00:02:23,2025-02-27 00:03:26,3,system-sessions/379//Signals/294.npy,[23],,,,60168,379,1,,,,0.217,1,1.133,0,,,1.21,36.27,10.29,206.99,Respiration_in_bed,./data/379/Signals/294.npy
739694,379,295,17,2025-02-27 00:03:26,2025-02-27 00:04:27,3,system-sessions/379//Signals/295.npy,[23],,,,60169,379,1,0.0,0.0,0.376884,0.183,1,1.139,0,,,1.73,38.28,19.34,169.36,Respiration_in_bed,./data/379/Signals/295.npy
739695,379,296,17,2025-02-27 00:04:27,2025-02-27 00:05:31,3,system-sessions/379//Signals/296.npy,[23],,,,60170,379,1,0.89196,2.1943,1.0804,0.2,1,1.152,0,,,3.83,110.46,18.75,81.14,Respiration_in_bed,./data/379/Signals/296.npy
739696,379,297,17,2025-02-27 00:05:31,2025-02-27 00:06:34,3,system-sessions/379//Signals/297.npy,[23],,,,60171,379,1,1.60804,1.30653,0.339196,0.21,1,1.152,0,,,3.72,85.57,11.11,71.11,Respiration_in_bed,./data/379/Signals/297.npy
739697,379,298,17,2025-02-27 00:06:34,2025-02-27 00:07:44,3,system-sessions/379//Signals/298.npy,[23],,,,60172,379,1,1.44054,1.82161,0.615578,0.217,1,1.152,0,,,4.0,69.05,10.16,47.72,Respiration_in_bed,./data/379/Signals/298.npy
739698,379,299,17,2025-02-27 00:07:44,2025-02-27 00:08:56,3,system-sessions/379//Signals/299.npy,[23],,,,60173,379,1,1.33166,1.80905,0.71608,0.208,1,1.152,0,,,5.6,41.73,5.68,32.59,Respiration_in_bed,./data/379/Signals/299.npy
739699,379,300,17,2025-02-27 00:08:56,2025-02-27 00:09:59,3,system-sessions/379//Signals/300.npy,[23],,,,60174,379,1,1.33166,1.48744,0.261307,0.217,1,1.152,0,,,1.73,21.7,1.78,25.45,Respiration_in_bed,./data/379/Signals/300.npy
739700,379,301,17,2025-02-27 00:09:59,2025-02-27 00:11:00,3,system-sessions/379//Signals/301.npy,[23],,,,60175,379,1,1.41632,2.16389,0.682731,0.208,1,1.164,0,,,0.12,2.05,1.64,24.61,Respiration_in_bed,./data/379/Signals/301.npy
739701,379,302,17,2025-02-27 00:11:00,2025-02-27 00:12:01,3,system-sessions/379//Signals/302.npy,[23],,,,60176,379,1,1.37688,1.64992,0.565327,0.208,1,1.164,0,,,0.17,1.6,1.79,25.5,Respiration_in_bed,./data/379/Signals/302.npy
739712,379,313,19,2025-02-27 00:12:28,2025-02-27 00:13:29,3,system-sessions/379//Signals/313.npy,[23],,,,60177,379,1,1.41888,1.9933,0.665829,0.208,1,1.152,0,,,0.12,1.97,1.61,24.46,Respiration_in_bed,./data/379/Signals/313.npy
739713,379,314,19,2025-02-27 00:13:29,2025-02-27 00:14:30,3,system-sessions/379//Signals/314.npy,[23],,,,60178,379,1,1.53266,1.9933,0.552764,0.2,1,1.158,0,,,0.12,1.8,1.67,25.41,Respiration_in_bed,./data/379/Signals/314.npy
739714,379,315,19,2025-02-27 00:14:30,2025-02-27 00:15:31,3,system-sessions/379//Signals/315.npy,[23],,,,60179,379,1,1.67504,1.90955,0.125628,0.204,1,1.164,0,,,0.13,1.75,1.66,25.96,Respiration_in_bed,./data/379/Signals/315.npy
739715,379,316,19,2025-02-27 00:15:30,2025-02-27 00:16:32,3,system-sessions/379//Signals/316.npy,[23],,,,60180,379,1,1.23953,2.1608,0.301508,0.183,1,1.152,0,,,0.15,1.64,1.69,24.67,Respiration_in_bed,./data/379/Signals/316.npy
739716,379,317,19,2025-02-27 00:16:31,2025-02-27 00:17:32,3,system-sessions/379//Signals/317.npy,[23],,,,60181,379,1,1.55779,1.66667,0.40201,0.192,1,1.145,0,,,0.13,1.72,1.62,24.91,Respiration_in_bed,./data/379/Signals/317.npy
739717,379,318,19,2025-02-27 00:17:32,2025-02-27 00:18:33,3,system-sessions/379//Signals/318.npy,[23],,,,60182,379,1,1.4196,2.22781,0.728643,0.183,1,1.133,0,,,0.17,1.71,1.78,26.74,Respiration_in_bed,./data/379/Signals/318.npy
739718,379,319,19,2025-02-27 00:18:33,2025-02-27 00:19:34,3,system-sessions/379//Signals/319.npy,[23],,,,60183,379,1,2.07705,1.30653,0.678392,0.2,1,1.139,0,,,0.13,1.76,1.74,25.17,Respiration_in_bed,./data/379/Signals/319.npy
739719,379,320,19,2025-02-27 00:19:33,2025-02-27 00:20:35,3,system-sessions/379//Signals/320.npy,[23],,,,60184,379,1,1.30653,2.02261,0.238693,0.192,1,1.139,0,,,0.12,1.6,1.74,25.08,Respiration_in_bed,./data/379/Signals/320.npy
739720,379,321,19,2025-02-27 00:20:34,2025-02-27 00:21:35,3,system-sessions/379//Signals/321.npy,[23],,,,60185,379,1,1.29922,2.08854,0.690551,0.208,1,1.139,0,,,0.13,2.48,1.66,25.62,Respiration_in_bed,./data/379/Signals/321.npy
739721,379,322,19,2025-02-27 00:21:35,2025-02-27 00:22:36,3,system-sessions/379//Signals/322.npy,[23],,,,60186,379,1,1.63317,1.80905,0.376683,0.208,1,1.152,0,,,0.13,1.9,1.73,25.69,Respiration_in_bed,./data/379/Signals/322.npy
739732,379,333,21,2025-02-27 00:23:02,2025-02-27 00:24:04,3,system-sessions/379//Signals/333.npy,[23],,,,60187,379,1,0.770519,2.13568,0.301508,0.208,1,1.164,0,,,0.12,1.82,1.74,26.37,Respiration_in_bed,./data/379/Signals/333.npy
739733,379,334,21,2025-02-27 00:24:03,2025-02-27 00:25:04,3,system-sessions/379//Signals/334.npy,[23],,,,60188,379,1,1.43216,2.01005,0.678392,0.208,1,1.152,0,,,0.12,1.79,1.72,24.95,Respiration_in_bed,./data/379/Signals/334.npy
739734,379,335,21,2025-02-27 00:25:04,2025-02-27 00:26:05,3,system-sessions/379//Signals/335.npy,[23],,,,60189,379,1,1.93467,1.47404,0.552764,0.192,1,1.152,0,,,0.12,1.67,1.65,24.89,Respiration_in_bed,./data/379/Signals/335.npy
739735,379,336,21,2025-02-27 00:26:05,2025-02-27 00:27:06,3,system-sessions/379//Signals/336.npy,[23],,,,60190,379,1,1.48241,1.56784,0.38191,0.213,1,1.152,0,,,0.13,2.12,1.66,26.36,Respiration_in_bed,./data/379/Signals/336.npy
739736,379,337,21,2025-02-27 00:27:05,2025-02-27 00:28:07,3,system-sessions/379//Signals/337.npy,[23],,,,60191,379,1,1.6651,2.14405,0.688079,0.2,1,1.152,0,,,0.12,2.0,1.68,25.35,Respiration_in_bed,./data/379/Signals/337.npy
739737,379,338,21,2025-02-27 00:28:06,2025-02-27 00:29:07,3,system-sessions/379//Signals/338.npy,[23],,,,60192,379,1,1.63153,1.40648,0.414573,0.208,1,1.152,0,,,0.13,1.98,1.64,25.52,Respiration_in_bed,./data/379/Signals/338.npy
739738,379,339,21,2025-02-27 00:29:07,2025-02-27 00:30:08,3,system-sessions/379//Signals/339.npy,[23],,,,60193,379,1,1.47404,1.60804,0.442211,0.208,1,1.152,0,,,0.12,2.0,1.76,25.84,Respiration_in_bed,./data/379/Signals/339.npy
739739,379,340,21,2025-02-27 00:30:08,2025-02-27 00:31:09,3,system-sessions/379//Signals/340.npy,[23],,,,60194,379,1,1.43216,2.05611,0.71608,0.192,1,1.152,0,,,0.13,1.63,1.74,25.5,Respiration_in_bed,./data/379/Signals/340.npy
739740,379,341,21,2025-02-27 00:31:08,2025-02-27 00:32:09,3,system-sessions/379//Signals/341.npy,[23],,,,60195,379,1,1.71692,1.69179,0.238693,0.192,1,1.152,0,,,0.12,1.72,1.7,24.44,Respiration_in_bed,./data/379/Signals/341.npy
739741,379,342,21,2025-02-27 00:32:09,2025-02-27 00:33:10,3,system-sessions/379//Signals/342.npy,[23],,,,60196,379,1,1.93273,0.904523,1.10553,0.208,1,1.152,0,,,0.13,2.17,1.82,26.61,Respiration_in_bed,./data/379/Signals/342.npy
739752,379,353,23,2025-02-27 00:33:36,2025-02-27 00:34:37,3,system-sessions/379//Signals/353.npy,[23],,,,60197,379,1,1.21441,1.46985,0.778894,0.192,1,1.142,0,,,0.12,1.77,1.78,25.04,Respiration_in_bed,./data/379/Signals/353.npy
739753,379,354,23,2025-02-27 00:34:37,2025-02-27 00:35:38,3,system-sessions/379//Signals/354.npy,[23],,,,60198,379,1,1.38303,0.978916,1.00684,0.208,1,1.139,0,,,0.12,1.84,1.72,25.95,Respiration_in_bed,./data/379/Signals/354.npy
739754,379,355,23,2025-02-27 00:35:37,2025-02-27 00:36:38,3,system-sessions/379//Signals/355.npy,[23],,,,60199,379,1,1.30522,2.25904,1.1245,0.196,1,1.139,0,,,0.13,1.97,1.77,25.86,Respiration_in_bed,./data/379/Signals/355.npy
739755,379,356,23,2025-02-27 00:36:38,2025-02-27 00:37:39,3,system-sessions/379//Signals/356.npy,[23],,,,60200,379,1,1.1245,1.52276,0.317938,0.192,1,1.152,0,,,0.12,2.01,1.65,28.77,Respiration_in_bed,./data/379/Signals/356.npy
739756,379,357,23,2025-02-27 00:37:39,2025-02-27 00:38:40,3,system-sessions/379//Signals/357.npy,[23],,,,60201,379,1,1.00503,1.39028,1.13065,0.208,1,1.152,0,,,0.13,2.04,1.7,25.19,Respiration_in_bed,./data/379/Signals/357.npy
739757,379,358,23,2025-02-27 00:38:39,2025-02-27 00:39:41,3,system-sessions/379//Signals/358.npy,[23],,,,60202,379,1,1.33096,1.73301,0.610877,0.179,1,1.158,0,,,0.15,2.25,1.77,25.64,Respiration_in_bed,./data/379/Signals/358.npy
739758,379,359,23,2025-02-27 00:39:40,2025-02-27 00:40:41,3,system-sessions/379//Signals/359.npy,[23],,,,60203,379,1,2.14405,1.10553,0.125628,0.183,1,1.164,0,,,0.13,2.05,1.75,25.3,Respiration_in_bed,./data/379/Signals/359.npy
739759,379,360,23,2025-02-27 00:40:41,2025-02-27 00:41:42,3,system-sessions/379//Signals/360.npy,[23],,,,60204,379,1,1.47739,1.79229,0.71608,0.213,1,1.152,0,,,0.13,1.94,1.69,25.79,Respiration_in_bed,./data/379/Signals/360.npy
739760,379,361,23,2025-02-27 00:41:41,2025-02-27 00:42:43,3,system-sessions/379//Signals/361.npy,[23],,,,60205,379,0,,,,,0,,0,,,0.12,2.47,,,Respiration_in_bed,./data/379/Signals/361.npy
739761,379,362,23,2025-02-27 00:42:42,2025-02-27 00:43:43,3,system-sessions/379//Signals/362.npy,[23],,,,60206,379,0,,,,,0,,0,,,0.13,1.77,,,Respiration_in_bed,./data/379/Signals/362.npy
739772,379,373,25,2025-02-27 00:43:56,2025-02-27 00:44:57,3,system-sessions/379//Signals/373.npy,[23],,,,60207,379,1,1.64573,1.67085,0.414573,0.192,1,1.152,0,,,0.13,1.81,1.68,29.53,Respiration_in_bed,./data/379/Signals/373.npy
739773,379,374,25,2025-02-27 00:44:56,2025-02-27 00:45:57,3,system-sessions/379//Signals/374.npy,[23],,,,60208,379,1,1.90955,1.07203,0.577889,0.19,1,1.139,0,,,0.12,1.79,1.78,24.54,Respiration_in_bed,./data/379/Signals/374.npy
739774,379,375,25,2025-02-27 00:45:57,2025-02-27 00:46:58,3,system-sessions/379//Signals/375.npy,[23],,,,60209,379,0,,,,,0,,0,,,0.12,1.43,,,Respiration_in_bed,./data/379/Signals/375.npy
739775,379,376,25,2025-02-27 00:46:58,2025-02-27 00:47:59,3,system-sessions/379//Signals/376.npy,[23],,,,60210,379,1,1.33032,2.12851,0.326633,0.2,1,1.127,0,,,0.12,1.77,1.75,26.55,Respiration_in_bed,./data/379/Signals/376.npy
739776,379,377,25,2025-02-27 00:47:58,2025-02-27 00:49:00,3,system-sessions/379//Signals/377.npy,[23],,,,60211,379,0,,,,,0,,0,,,0.13,1.64,,,Respiration_in_bed,./data/379/Signals/377.npy
739777,379,378,25,2025-02-27 00:48:59,2025-02-27 00:50:00,3,system-sessions/379//Signals/378.npy,[23],,,,60212,379,1,1.39447,1.64154,0.439698,0.204,1,1.139,0,,,0.12,1.66,1.79,25.77,Respiration_in_bed,./data/379/Signals/378.npy
739778,379,379,25,2025-02-27 00:50:00,2025-02-27 00:51:01,3,system-sessions/379//Signals/379.npy,[23],,,,60213,379,1,1.15578,0.502513,2.17755,0.175,1,1.133,0,,,0.12,1.85,1.72,26.02,Respiration_in_bed,./data/379/Signals/379.npy
739779,379,380,25,2025-02-27 00:51:01,2025-02-27 00:52:02,3,system-sessions/379//Signals/380.npy,[23],,,,60214,379,1,1.08434,1.10442,1.14458,0.204,1,1.127,0,,,0.12,1.95,1.66,25.67,Respiration_in_bed,./data/379/Signals/380.npy
739780,379,381,25,2025-02-27 00:52:01,2025-02-27 00:53:03,3,system-sessions/379//Signals/381.npy,[23],,,,60215,379,1,1.13903,2.01005,0.515075,0.206,1,1.127,0,,,0.12,1.49,1.72,24.84,Respiration_in_bed,./data/379/Signals/381.npy
739781,379,382,25,2025-02-27 00:53:02,2025-02-27 00:54:03,3,system-sessions/379//Signals/382.npy,[23],,,,60216,379,1,1.61223,1.64992,0.540201,0.192,1,1.127,0,,,0.13,2.02,1.78,26.12,Respiration_in_bed,./data/379/Signals/382.npy
739792,379,393,27,2025-02-27 00:54:30,2025-02-27 00:55:31,3,system-sessions/379//Signals/393.npy,[23],,,,60217,379,1,1.67504,1.93467,0.226131,0.175,1,1.139,0,,,0.13,1.85,1.61,25.09,Respiration_in_bed,./data/379/Signals/393.npy
739793,379,394,27,2025-02-27 00:55:31,2025-02-27 00:56:32,3,system-sessions/379//Signals/394.npy,[23],,,,60218,379,1,1.55779,1.53266,0.778894,0.183,1,1.127,0,,,0.12,1.83,1.67,24.49,Respiration_in_bed,./data/379/Signals/394.npy
739794,379,395,27,2025-02-27 00:56:32,2025-02-27 00:57:33,3,system-sessions/379//Signals/395.npy,[23],,,,60219,379,1,1.47404,2.23618,0.0502513,0.192,1,1.127,0,,,0.13,1.98,1.76,26.76,Respiration_in_bed,./data/379/Signals/395.npy
739795,379,396,27,2025-02-27 00:57:32,2025-02-27 00:58:34,3,system-sessions/379//Signals/396.npy,[23],,,,60220,379,0,,,,,0,,0,,,0.12,1.08,,,Respiration_in_bed,./data/379/Signals/396.npy
739796,379,397,27,2025-02-27 00:58:33,2025-02-27 00:59:34,3,system-sessions/379//Signals/397.npy,[23],,,,60221,379,0,,,,,0,,0,,,0.12,2.06,,,Respiration_in_bed,./data/379/Signals/397.npy
739797,379,398,27,2025-02-27 00:59:34,2025-02-27 01:00:35,3,system-sessions/379//Signals/398.npy,[23],,,,60222,379,0,,,,,0,,0,,,0.13,2.3,,,Respiration_in_bed,./data/379/Signals/398.npy
739798,379,399,27,2025-02-27 01:00:35,2025-02-27 01:01:36,3,system-sessions/379//Signals/399.npy,[23],,,,60223,379,1,1.8072,1.62078,1.00421,0.133,1,1.139,0,,,0.12,3.04,1.83,24.81,Respiration_in_bed,./data/379/Signals/399.npy
739799,379,400,27,2025-02-27 01:01:35,2025-02-27 01:02:36,3,system-sessions/379//Signals/400.npy,[23],,,,60224,379,1,1.89338,2.0121,0.569264,0.117,1,1.194,0,,,0.13,2.52,1.81,23.59,Respiration_in_bed,./data/379/Signals/400.npy
739800,379,401,27,2025-02-27 01:02:36,2025-02-27 01:03:37,3,system-sessions/379//Signals/401.npy,[23],,,,60225,379,0,,,,,0,,0,,,0.13,2.8,,,Respiration_in_bed,./data/379/Signals/401.npy
739801,379,402,27,2025-02-27 01:03:37,2025-02-27 01:04:38,3,system-sessions/379//Signals/402.npy,[23],,,,60226,379,0,,,,,0,,0,,,0.13,2.12,,,Respiration_in_bed,./data/379/Signals/402.npy
739812,379,413,29,2025-02-27 01:04:50,2025-02-27 01:05:51,3,system-sessions/379//Signals/413.npy,[23],,,,60227,379,0,,,,,0,,0,,,0.19,2.36,,,Respiration_in_bed,./data/379/Signals/413.npy
739813,379,414,29,2025-02-27 01:05:51,2025-02-27 01:06:52,3,system-sessions/379//Signals/414.npy,[23],,,,60228,379,1,1.93018,3.66046,0.952381,0.092,1,1.206,0,,,0.13,2.22,1.78,25.34,Respiration_in_bed,./data/379/Signals/414.npy
739814,379,415,29,2025-02-27 01:06:52,2025-02-27 01:07:53,3,system-sessions/379//Signals/415.npy,[23],,,,60229,379,1,1.29139,0.896029,1.72318,0.117,1,1.152,0,,,0.12,2.29,1.64,24.67,Respiration_in_bed,./data/379/Signals/415.npy
739815,379,416,29,2025-02-27 01:07:52,2025-02-27 01:08:54,3,system-sessions/379//Signals/416.npy,[23],,,,60230,379,0,,,,,0,,0,,,0.13,1.96,,,Respiration_in_bed,./data/379/Signals/416.npy
739816,379,417,29,2025-02-27 01:08:53,2025-02-27 01:09:54,3,system-sessions/379//Signals/417.npy,[23],,,,60231,379,0,,,,,0,,0,,,0.13,2.88,,,Respiration_in_bed,./data/379/Signals/417.npy
739817,379,418,29,2025-02-27 01:09:54,2025-02-27 01:10:55,3,system-sessions/379//Signals/418.npy,[23],,,,60232,379,0,,,,,0,,0,,,0.12,2.06,,,Respiration_in_bed,./data/379/Signals/418.npy
739818,379,419,29,2025-02-27 01:10:54,2025-02-27 01:11:56,3,system-sessions/379//Signals/419.npy,[23],,,,60233,379,1,1.4196,1.29816,0.454774,0.217,1,1.139,0,,,0.12,2.5,1.75,26.54,Respiration_in_bed,./data/379/Signals/419.npy
739819,379,420,29,2025-02-27 01:11:55,2025-02-27 01:12:56,3,system-sessions/379//Signals/420.npy,[23],,,,60234,379,0,,,,,0,,0,,,0.15,1.89,,,Respiration_in_bed,./data/379/Signals/420.npy
739820,379,421,29,2025-02-27 01:12:56,2025-02-27 01:13:57,3,system-sessions/379//Signals/421.npy,[23],,,,60235,379,0,,,,,0,,0,,,0.13,1.91,,,Respiration_in_bed,./data/379/Signals/421.npy
739821,379,422,29,2025-02-27 01:13:57,2025-02-27 01:14:58,3,system-sessions/379//Signals/422.npy,[23],,,,60236,379,0,,,,,0,,0,,,0.3,2.76,,,Respiration_in_bed,./data/379/Signals/422.npy
739832,379,433,31,2025-02-27 01:15:10,2025-02-27 01:16:11,3,system-sessions/379//Signals/433.npy,[23],,,,60237,379,0,,,,,0,,0,,,0.12,2.33,,,Respiration_in_bed,./data/379/Signals/433.npy
739833,379,434,31,2025-02-27 01:16:11,2025-02-27 01:17:12,3,system-sessions/379//Signals/434.npy,[23],,,,60238,379,0,,,,,0,,0,,,0.12,1.68,,,Respiration_in_bed,./data/379/Signals/434.npy
739834,379,435,31,2025-02-27 01:17:12,2025-02-27 01:18:13,3,system-sessions/379//Signals/435.npy,[23],,,,60239,379,0,,,,,0,,0,,,0.13,2.11,,,Respiration_in_bed,./data/379/Signals/435.npy
739835,379,436,31,2025-02-27 01:18:13,2025-02-27 01:19:14,3,system-sessions/379//Signals/436.npy,[23],,,,60240,379,0,,,,,0,,0,,,0.13,1.93,,,Respiration_in_bed,./data/379/Signals/436.npy
739836,379,437,31,2025-02-27 01:19:13,2025-02-27 01:20:15,3,system-sessions/379//Signals/437.npy,[23],,,,60241,379,0,,,,,0,,0,,,0.22,3.43,,,Respiration_in_bed,./data/379/Signals/437.npy
739837,379,438,31,2025-02-27 01:20:14,2025-02-27 01:21:15,3,system-sessions/379//Signals/438.npy,[23],,,,60242,379,0,,,,,0,,0,,,0.13,2.26,,,Respiration_in_bed,./data/379/Signals/438.npy
739838,379,439,31,2025-02-27 01:21:15,2025-02-27 01:22:16,3,system-sessions/379//Signals/439.npy,[23],,,,60243,379,0,,,,,0,,0,,,0.13,1.88,,,Respiration_in_bed,./data/379/Signals/439.npy
739839,379,440,31,2025-02-27 01:22:16,2025-02-27 01:23:17,3,system-sessions/379//Signals/440.npy,[23],,,,60244,379,0,,,,,0,,0,,,0.13,2.08,,,Respiration_in_bed,./data/379/Signals/440.npy
739840,379,441,31,2025-02-27 01:23:16,2025-02-27 01:24:18,3,system-sessions/379//Signals/441.npy,[23],,,,60245,379,0,,,,,0,,0,,,0.14,3.28,,,Respiration_in_bed,./data/379/Signals/441.npy
739841,379,442,31,2025-02-27 01:24:17,2025-02-27 01:25:18,3,system-sessions/379//Signals/442.npy,[23],,,,60246,379,0,,,,,0,,0,,,0.13,3.44,,,Respiration_in_bed,./data/379/Signals/442.npy
739852,379,453,33,2025-02-27 01:25:31,2025-02-27 01:26:32,3,system-sessions/379//Signals/453.npy,[23],,,,60247,379,1,1.16466,1.22408,0.830946,0.175,1,1.133,0,,,0.13,3.11,1.8,24.71,Respiration_in_bed,./data/379/Signals/453.npy
739853,379,454,33,2025-02-27 01:26:32,2025-02-27 01:27:33,3,system-sessions/379//Signals/454.npy,[23],,,,60248,379,0,,,,,0,,0,,,0.13,2.84,,,Respiration_in_bed,./data/379/Signals/454.npy
739854,379,455,33,2025-02-27 01:27:33,2025-02-27 01:28:34,3,system-sessions/379//Signals/455.npy,[23],,,,60249,379,0,,,,,0,,0,,,0.13,2.39,,,Respiration_in_bed,./data/379/Signals/455.npy
739855,379,456,33,2025-02-27 01:28:33,2025-02-27 01:29:34,3,system-sessions/379//Signals/456.npy,[23],,,,60250,379,0,,,,,0,,0,,,0.12,2.61,,,Respiration_in_bed,./data/379/Signals/456.npy
739856,379,457,33,2025-02-27 01:29:34,2025-02-27 01:30:35,3,system-sessions/379//Signals/457.npy,[23],,,,60251,379,1,0.569514,1.1809,0.829146,0.217,1,1.164,0,,,0.14,2.42,1.73,26.27,Respiration_in_bed,./data/379/Signals/457.npy
739857,379,458,33,2025-02-27 01:30:35,2025-02-27 01:31:36,3,system-sessions/379//Signals/458.npy,[23],,,,60252,379,1,1.22613,1.48241,0.482412,0.217,1,1.17,0,,,0.12,1.94,1.68,24.75,Respiration_in_bed,./data/379/Signals/458.npy
739858,379,459,33,2025-02-27 01:31:36,2025-02-27 01:32:37,3,system-sessions/379//Signals/459.npy,[23],,,,60253,379,1,1.63317,1.97655,0.753769,0.196,1,1.164,0,,,0.13,2.02,1.62,24.71,Respiration_in_bed,./data/379/Signals/459.npy
739859,379,460,33,2025-02-27 01:32:36,2025-02-27 01:33:37,3,system-sessions/379//Signals/460.npy,[23],,,,60254,379,1,1.28559,1.67504,0.527638,0.208,1,1.152,0,,,0.12,1.92,1.72,26.1,Respiration_in_bed,./data/379/Signals/460.npy
739860,379,461,33,2025-02-27 01:33:37,2025-02-27 01:34:38,3,system-sessions/379//Signals/461.npy,[23],,,,60255,379,1,1.10553,1.56784,0.361809,0.221,1,1.164,0,,,0.15,2.83,1.73,25.51,Respiration_in_bed,./data/379/Signals/461.npy
739861,379,462,33,2025-02-27 01:34:38,2025-02-27 01:35:39,3,system-sessions/379//Signals/462.npy,[23],,,,60256,379,1,1.58291,1.44054,0.40201,0.208,1,1.164,0,,,0.14,2.08,1.82,25.04,Respiration_in_bed,./data/379/Signals/462.npy
739954,379,555,36,2025-02-27 01:37:39,2025-02-27 01:38:41,3,system-sessions/379//Signals/555.npy,[23],,,,60257,379,1,1.08936,1.35619,0.60241,0.183,1,1.158,0,,,0.12,2.39,1.68,25.18,Respiration_in_bed,./data/379/Signals/555.npy
739955,379,556,36,2025-02-27 01:38:40,2025-02-27 01:39:41,3,system-sessions/379//Signals/556.npy,[23],,,,60258,379,0,,,,,0,,0,,,0.14,1.67,,,Respiration_in_bed,./data/379/Signals/556.npy
739956,379,557,36,2025-02-27 01:39:41,2025-02-27 01:40:42,3,system-sessions/379//Signals/557.npy,[23],,,,60259,379,0,,,,,0,,0,,,0.13,3.22,,,Respiration_in_bed,./data/379/Signals/557.npy
739957,379,558,36,2025-02-27 01:40:42,2025-02-27 01:41:43,3,system-sessions/379//Signals/558.npy,[23],,,,60260,379,0,,,,,0,,0,,,0.12,1.91,,,Respiration_in_bed,./data/379/Signals/558.npy
739958,379,559,36,2025-02-27 01:41:43,2025-02-27 01:42:44,3,system-sessions/379//Signals/559.npy,[23],,,,60261,379,0,,,,,0,,0,,,0.12,2.08,,,Respiration_in_bed,./data/379/Signals/559.npy
739959,379,560,36,2025-02-27 01:42:43,2025-02-27 01:43:45,3,system-sessions/379//Signals/560.npy,[23],,,,60262,379,0,,,,,0,,0,,,0.13,4.26,,,Respiration_in_bed,./data/379/Signals/560.npy
739960,379,561,36,2025-02-27 01:43:44,2025-02-27 01:44:45,3,system-sessions/379//Signals/561.npy,[23],,,,60263,379,0,,,,,0,,0,,,0.13,3.78,,,Respiration_in_bed,./data/379/Signals/561.npy
739961,379,562,36,2025-02-27 01:44:45,2025-02-27 01:45:46,3,system-sessions/379//Signals/562.npy,[23],,,,60264,379,0,,,,,0,,0,,,0.14,3.17,,,Respiration_in_bed,./data/379/Signals/562.npy
739962,379,563,36,2025-02-27 01:45:46,2025-02-27 01:46:47,3,system-sessions/379//Signals/563.npy,[23],,,,60265,379,0,,,,,0,,0,,,0.13,3.23,,,Respiration_in_bed,./data/379/Signals/563.npy
739963,379,564,36,2025-02-27 01:46:46,2025-02-27 01:47:48,3,system-sessions/379//Signals/564.npy,[23],,,,60266,379,0,,,,,0,,0,,,0.14,2.72,,,Respiration_in_bed,./data/379/Signals/564.npy
740002,379,603,40,2025-02-27 01:48:46,2025-02-27 01:49:47,3,system-sessions/379//Signals/603.npy,[23],,,,60267,379,1,1.35599,1.16583,0.733668,0.215,1,1.139,0,,,0.12,2.23,1.71,24.62,Respiration_in_bed,./data/379/Signals/603.npy
740003,379,604,40,2025-02-27 01:49:46,2025-02-27 01:50:48,3,system-sessions/379//Signals/604.npy,[23],,,,60268,379,0,,,,,0,,0,,,0.14,2.34,,,Respiration_in_bed,./data/379/Signals/604.npy
740004,379,605,40,2025-02-27 01:50:47,2025-02-27 01:51:48,3,system-sessions/379//Signals/605.npy,[23],,,,60269,379,0,,,,,0,,0,,,0.14,1.99,,,Respiration_in_bed,./data/379/Signals/605.npy
740005,379,606,40,2025-02-27 01:51:48,2025-02-27 01:52:49,3,system-sessions/379//Signals/606.npy,[23],,,,60270,379,0,,,,,0,,0,,,0.13,1.88,,,Respiration_in_bed,./data/379/Signals/606.npy
740006,379,607,40,2025-02-27 01:52:49,2025-02-27 01:53:50,3,system-sessions/379//Signals/607.npy,[23],,,,60271,379,1,1.38191,1.41709,0.38191,0.217,1,1.103,0,,,0.13,1.99,1.77,26.15,Respiration_in_bed,./data/379/Signals/607.npy
740007,379,608,40,2025-02-27 01:53:49,2025-02-27 01:54:51,3,system-sessions/379//Signals/608.npy,[23],,,,60272,379,0,,,,,0,,0,,,0.14,2.81,,,Respiration_in_bed,./data/379/Signals/608.npy
740008,379,609,40,2025-02-27 01:54:50,2025-02-27 01:55:51,3,system-sessions/379//Signals/609.npy,[23],,,,60273,379,1,1.65829,1.35678,0.552764,0.198,1,1.079,0,,,0.12,2.01,1.74,25.6,Respiration_in_bed,./data/379/Signals/609.npy
740009,379,610,40,2025-02-27 01:55:51,2025-02-27 01:56:52,3,system-sessions/379//Signals/610.npy,[23],,,,60274,379,0,,,,,0,,0,,,0.18,1.89,,,Respiration_in_bed,./data/379/Signals/610.npy
740010,379,611,40,2025-02-27 01:56:52,2025-02-27 01:57:53,3,system-sessions/379//Signals/611.npy,[23],,,,60275,379,0,,,,,0,,0,,,0.13,2.02,,,Respiration_in_bed,./data/379/Signals/611.npy
740011,379,612,40,2025-02-27 01:57:52,2025-02-27 01:58:54,3,system-sessions/379//Signals/612.npy,[23],,,,60276,379,0,,,,,0,,0,,,0.2,2.02,,,Respiration_in_bed,./data/379/Signals/612.npy
740762,379,1363,46,2025-02-27 02:18:38,2025-02-27 02:19:40,3,system-sessions/379//Signals/1363.npy,[23],,,,60277,379,0,,,,,0,,0,,,0.17,2.65,,,Respiration_in_bed,./data/379/Signals/1363.npy
740763,379,1364,46,2025-02-27 02:19:39,2025-02-27 02:20:41,3,system-sessions/379//Signals/1364.npy,[23],,,,60278,379,0,,,,,0,,0,,,0.12,2.27,,,Respiration_in_bed,./data/379/Signals/1364.npy
740764,379,1365,46,2025-02-27 02:20:40,2025-02-27 02:21:41,3,system-sessions/379//Signals/1365.npy,[23],,,,60279,379,0,,,,,0,,0,,,0.14,1.78,,,Respiration_in_bed,./data/379/Signals/1365.npy
740765,379,1366,46,2025-02-27 02:21:41,2025-02-27 02:22:43,3,system-sessions/379//Signals/1366.npy,[23],,,,60280,379,0,,,,,0,,0,,,0.12,4.67,,,Respiration_in_bed,./data/379/Signals/1366.npy
740766,379,1367,46,2025-02-27 02:22:42,2025-02-27 02:23:44,3,system-sessions/379//Signals/1367.npy,[23],,,,60281,379,1,2.38375,2.56024,1.53531,0.133,1,1.176,0,,,0.19,2.31,1.77,25.12,Respiration_in_bed,./data/379/Signals/1367.npy
740767,379,1368,46,2025-02-27 02:23:43,2025-02-27 02:24:44,3,system-sessions/379//Signals/1368.npy,[23],,,,60282,379,0,,,,,0,,0,,,0.13,1.16,,,Respiration_in_bed,./data/379/Signals/1368.npy
740768,379,1369,46,2025-02-27 02:24:44,2025-02-27 02:25:45,3,system-sessions/379//Signals/1369.npy,[23],,,,60283,379,1,1.65473,1.88539,0.602007,0.133,1,1.261,0,,,0.12,2.86,1.89,24.62,Respiration_in_bed,./data/379/Signals/1369.npy
740769,379,1370,46,2025-02-27 02:25:45,2025-02-27 02:26:46,3,system-sessions/379//Signals/1370.npy,[23],,,,60284,379,0,,,,,0,,0,,,0.12,2.19,,,Respiration_in_bed,./data/379/Signals/1370.npy
740770,379,1371,46,2025-02-27 02:26:45,2025-02-27 02:27:47,3,system-sessions/379//Signals/1371.npy,[23],,,,60285,379,0,,,,,0,,0,,,0.12,1.86,,,Respiration_in_bed,./data/379/Signals/1371.npy
740771,379,1372,46,2025-02-27 02:27:46,2025-02-27 02:28:47,3,system-sessions/379//Signals/1372.npy,[23],,,,60286,379,0,,,,,0,,0,,,0.13,1.87,,,Respiration_in_bed,./data/379/Signals/1372.npy
740782,379,1383,48,2025-02-27 02:29:00,2025-02-27 02:30:01,3,system-sessions/379//Signals/1383.npy,[23],,,,60287,379,0,,,,,0,,0,,,0.12,1.58,,,Respiration_in_bed,./data/379/Signals/1383.npy
740783,379,1384,48,2025-02-27 02:30:01,2025-02-27 02:31:02,3,system-sessions/379//Signals/1384.npy,[23],,,,60288,379,0,,,,,0,,0,,,0.13,3.63,,,Respiration_in_bed,./data/379/Signals/1384.npy
740784,379,1385,48,2025-02-27 02:31:01,2025-02-27 02:32:03,3,system-sessions/379//Signals/1385.npy,[23],,,,60289,379,0,,,,,0,,0,,,0.12,2.6,,,Respiration_in_bed,./data/379/Signals/1385.npy
740785,379,1386,48,2025-02-27 02:32:02,2025-02-27 02:33:03,3,system-sessions/379//Signals/1386.npy,[23],,,,60290,379,0,,,,,0,,0,,,0.13,2.17,,,Respiration_in_bed,./data/379/Signals/1386.npy
740786,379,1387,48,2025-02-27 02:33:03,2025-02-27 02:34:04,3,system-sessions/379//Signals/1387.npy,[23],,,,60291,379,0,,,,,0,,0,,,0.13,2.08,,,Respiration_in_bed,./data/379/Signals/1387.npy
740787,379,1388,48,2025-02-27 02:34:04,2025-02-27 02:35:05,3,system-sessions/379//Signals/1388.npy,[23],,,,60292,379,1,1.40704,1.17253,0.38191,0.208,1,1.176,0,,,0.13,2.05,1.79,24.38,Respiration_in_bed,./data/379/Signals/1388.npy
740788,379,1389,48,2025-02-27 02:35:05,2025-02-27 02:36:06,3,system-sessions/379//Signals/1389.npy,[23],,,,60293,379,1,1.55955,1.42883,0.391586,0.217,1,1.176,0,,,0.19,2.41,1.7,24.96,Respiration_in_bed,./data/379/Signals/1389.npy
740789,379,1390,48,2025-02-27 02:36:05,2025-02-27 02:37:07,3,system-sessions/379//Signals/1390.npy,[23],,,,60294,379,1,1.31587,1.0757,0.473793,0.217,1,1.188,0,,,0.13,2.08,1.74,24.4,Respiration_in_bed,./data/379/Signals/1390.npy
740790,379,1391,48,2025-02-27 02:37:06,2025-02-27 02:38:07,3,system-sessions/379//Signals/1391.npy,[23],,,,60295,379,1,1.48241,1.64154,0.552764,0.217,1,1.188,0,,,0.18,2.18,1.7,24.21,Respiration_in_bed,./data/379/Signals/1391.npy
740791,379,1392,48,2025-02-27 02:38:07,2025-02-27 02:39:08,3,system-sessions/379//Signals/1392.npy,[23],,,,60296,379,0,,,,,0,,0,,,0.13,1.92,,,Respiration_in_bed,./data/379/Signals/1392.npy
740802,379,1403,50,2025-02-27 02:39:21,2025-02-27 02:40:22,3,system-sessions/379//Signals/1403.npy,[23],,,,60297,379,1,1.57454,1.84255,0.615578,0.208,1,1.164,0,,,0.13,2.37,1.78,24.88,Respiration_in_bed,./data/379/Signals/1403.npy
740803,379,1404,50,2025-02-27 02:40:22,2025-02-27 02:41:23,3,system-sessions/379//Signals/1404.npy,[23],,,,60298,379,1,1.46734,1.27889,0.331658,0.225,1,1.164,0,,,0.14,2.17,1.7,23.99,Respiration_in_bed,./data/379/Signals/1404.npy
740804,379,1405,50,2025-02-27 02:41:23,2025-02-27 02:42:24,3,system-sessions/379//Signals/1405.npy,[23],,,,60299,379,1,1.44975,1.37688,0.640703,0.21,1,1.164,0,,,0.12,2.19,1.81,25.09,Respiration_in_bed,./data/379/Signals/1405.npy
740805,379,1406,50,2025-02-27 02:42:23,2025-02-27 02:43:25,3,system-sessions/379//Signals/1406.npy,[23],,,,60300,379,1,1.66667,1.30653,0.263819,0.208,1,1.158,0,,,0.13,2.19,1.71,24.35,Respiration_in_bed,./data/379/Signals/1406.npy
740806,379,1407,50,2025-02-27 02:43:24,2025-02-27 02:44:25,3,system-sessions/379//Signals/1407.npy,[23],,,,60301,379,1,1.54104,1.43216,0.175879,0.192,1,1.152,0,,,0.13,2.02,1.73,24.08,Respiration_in_bed,./data/379/Signals/1407.npy
740807,379,1408,50,2025-02-27 02:44:25,2025-02-27 02:45:26,3,system-sessions/379//Signals/1408.npy,[23],,,,60302,379,1,1.64154,0.376884,0.728643,0.208,1,1.152,0,,,0.13,2.08,1.85,25.05,Respiration_in_bed,./data/379/Signals/1408.npy
740808,379,1409,50,2025-02-27 02:45:26,2025-02-27 02:46:27,3,system-sessions/379//Signals/1409.npy,[23],,,,60303,379,0,,,,,0,,0,,,0.13,1.93,,,Respiration_in_bed,./data/379/Signals/1409.npy
740809,379,1410,50,2025-02-27 02:46:26,2025-02-27 02:47:28,3,system-sessions/379//Signals/1410.npy,[23],,,,60304,379,1,1.49079,1.32747,0.527638,0.208,1,1.152,0,,,0.16,2.18,1.74,24.96,Respiration_in_bed,./data/379/Signals/1410.npy
740810,379,1411,50,2025-02-27 02:47:27,2025-02-27 02:48:28,3,system-sessions/379//Signals/1411.npy,[23],,,,60305,379,1,1.28643,1.23953,0.442211,0.217,1,1.152,0,,,0.12,2.16,1.78,25.74,Respiration_in_bed,./data/379/Signals/1411.npy
740811,379,1412,50,2025-02-27 02:48:28,2025-02-27 02:49:29,3,system-sessions/379//Signals/1412.npy,[23],,,,60306,379,1,1.48241,1.34003,0.251256,0.208,1,1.152,0,,,0.15,1.88,1.72,24.44,Respiration_in_bed,./data/379/Signals/1412.npy
740822,379,1423,52,2025-02-27 02:49:54,2025-02-27 02:50:56,3,system-sessions/379//Signals/1423.npy,[23],,,,60307,379,0,,,,,0,,0,,,0.13,1.82,,,Respiration_in_bed,./data/379/Signals/1423.npy
740823,379,1424,52,2025-02-27 02:50:55,2025-02-27 02:51:57,3,system-sessions/379//Signals/1424.npy,[23],,,,60308,379,1,1.6206,1.10134,0.364322,0.2,1,1.152,0,,,0.13,2.17,1.8,25.51,Respiration_in_bed,./data/379/Signals/1424.npy
740824,379,1425,52,2025-02-27 02:51:56,2025-02-27 02:52:57,3,system-sessions/379//Signals/1425.npy,[23],,,,60309,379,1,1.45729,1.37018,0.552764,0.208,1,1.158,0,,,0.12,1.96,1.68,24.33,Respiration_in_bed,./data/379/Signals/1425.npy
740825,379,1426,52,2025-02-27 02:52:57,2025-02-27 02:53:58,3,system-sessions/379//Signals/1426.npy,[23],,,,60310,379,1,1.60804,1.8593,1.01759,0.2,1,1.164,0,,,0.13,2.05,1.67,24.39,Respiration_in_bed,./data/379/Signals/1426.npy
740826,379,1427,52,2025-02-27 02:53:58,2025-02-27 02:54:59,3,system-sessions/379//Signals/1427.npy,[23],,,,60311,379,1,1.33166,1.60804,1.00402,0.208,1,1.158,0,,,0.13,2.38,1.75,25.44,Respiration_in_bed,./data/379/Signals/1427.npy
740827,379,1428,52,2025-02-27 02:54:58,2025-02-27 02:56:00,3,system-sessions/379//Signals/1428.npy,[23],,,,60312,379,0,,,,,0,,0,,,0.12,1.92,,,Respiration_in_bed,./data/379/Signals/1428.npy
740828,379,1429,52,2025-02-27 02:55:59,2025-02-27 02:57:01,3,system-sessions/379//Signals/1429.npy,[23],,,,60313,379,1,1.28643,1.20603,0.603015,0.217,1,1.164,0,,,0.15,2.19,1.74,24.81,Respiration_in_bed,./data/379/Signals/1429.npy
740829,379,1430,52,2025-02-27 02:57:00,2025-02-27 02:58:01,3,system-sessions/379//Signals/1430.npy,[23],,,,60314,379,1,1.6541,1.75879,0.263819,0.196,1,1.212,0,,,0.13,2.13,1.79,25.3,Respiration_in_bed,./data/379/Signals/1430.npy
740830,379,1431,52,2025-02-27 02:58:01,2025-02-27 02:59:02,3,system-sessions/379//Signals/1431.npy,[23],,,,60315,379,1,1.75879,1.55779,0.276382,0.2,1,1.224,0,,,0.12,2.11,1.7,23.87,Respiration_in_bed,./data/379/Signals/1431.npy
740831,379,1432,52,2025-02-27 02:59:01,2025-02-27 03:00:03,3,system-sessions/379//Signals/1432.npy,[23],,,,60316,379,1,1.45477,1.9263,0.992462,0.204,1,1.224,0,,,0.14,2.2,1.79,24.93,Respiration_in_bed,./data/379/Signals/1432.npy
740842,379,1443,54,2025-02-27 03:00:29,2025-02-27 03:01:30,3,system-sessions/379//Signals/1443.npy,[23],,,,60317,379,0,,,,,0,,0,,,0.14,2.55,,,Respiration_in_bed,./data/379/Signals/1443.npy
740843,379,1444,54,2025-02-27 03:01:30,2025-02-27 03:02:31,3,system-sessions/379//Signals/1444.npy,[23],,,,60318,379,0,,,,,0,,0,,,0.12,2.6,,,Respiration_in_bed,./data/379/Signals/1444.npy
740844,379,1445,54,2025-02-27 03:02:30,2025-02-27 03:03:32,3,system-sessions/379//Signals/1445.npy,[23],,,,60319,379,0,,,,,0,,0,,,0.13,2.13,,,Respiration_in_bed,./data/379/Signals/1445.npy
740845,379,1446,54,2025-02-27 03:03:31,2025-02-27 03:04:32,3,system-sessions/379//Signals/1446.npy,[23],,,,60320,379,0,,,,,0,,0,,,0.12,2.08,,,Respiration_in_bed,./data/379/Signals/1446.npy
740846,379,1447,54,2025-02-27 03:04:32,2025-02-27 03:05:33,3,system-sessions/379//Signals/1447.npy,[23],,,,60321,379,1,1.70012,1.8258,0.695596,0.192,1,1.236,0,,,0.12,2.33,1.76,25.29,Respiration_in_bed,./data/379/Signals/1447.npy
740847,379,1448,54,2025-02-27 03:05:33,2025-02-27 03:06:34,3,system-sessions/379//Signals/1448.npy,[23],,,,60322,379,0,,,,,0,,0,,,0.13,1.88,,,Respiration_in_bed,./data/379/Signals/1448.npy
740848,379,1449,54,2025-02-27 03:06:33,2025-02-27 03:07:35,3,system-sessions/379//Signals/1449.npy,[23],,,,60323,379,0,,,,,0,,0,,,0.13,1.87,,,Respiration_in_bed,./data/379/Signals/1449.npy
740849,379,1450,54,2025-02-27 03:07:34,2025-02-27 03:08:35,3,system-sessions/379//Signals/1450.npy,[23],,,,60324,379,0,,,,,0,,0,,,0.13,1.97,,,Respiration_in_bed,./data/379/Signals/1450.npy
740850,379,1451,54,2025-02-27 03:08:35,2025-02-27 03:09:36,3,system-sessions/379//Signals/1451.npy,[23],,,,60325,379,0,,,,,0,,0,,,0.13,2.61,,,Respiration_in_bed,./data/379/Signals/1451.npy
740851,379,1452,54,2025-02-27 03:09:36,2025-02-27 03:10:37,3,system-sessions/379//Signals/1452.npy,[23],,,,60326,379,0,,,,,0,,0,,,0.13,2.85,,,Respiration_in_bed,./data/379/Signals/1452.npy
740862,379,1463,56,2025-02-27 03:10:50,2025-02-27 03:11:51,3,system-sessions/379//Signals/1463.npy,[23],,,,60327,379,0,,,,,0,,0,,,0.13,2.07,,,Respiration_in_bed,./data/379/Signals/1463.npy
740863,379,1464,56,2025-02-27 03:11:50,2025-02-27 03:12:52,3,system-sessions/379//Signals/1464.npy,[23],,,,60328,379,0,,,,,0,,0,,,0.19,2.34,,,Respiration_in_bed,./data/379/Signals/1464.npy
740864,379,1465,56,2025-02-27 03:12:51,2025-02-27 03:13:53,3,system-sessions/379//Signals/1465.npy,[23],,,,60329,379,0,,,,,0,,0,,,0.14,2.71,,,Respiration_in_bed,./data/379/Signals/1465.npy
740865,379,1466,56,2025-02-27 03:13:52,2025-02-27 03:14:53,3,system-sessions/379//Signals/1466.npy,[23],,,,60330,379,0,,,,,0,,0,,,0.15,3.31,,,Respiration_in_bed,./data/379/Signals/1466.npy
740866,379,1467,56,2025-02-27 03:14:53,2025-02-27 03:15:54,3,system-sessions/379//Signals/1467.npy,[23],,,,60331,379,0,,,,,0,,0,,,0.13,2.09,,,Respiration_in_bed,./data/379/Signals/1467.npy
740867,379,1468,56,2025-02-27 03:15:54,2025-02-27 03:16:55,3,system-sessions/379//Signals/1468.npy,[23],,,,60332,379,0,,,,,0,,0,,,0.12,1.8,,,Respiration_in_bed,./data/379/Signals/1468.npy
740868,379,1469,56,2025-02-27 03:16:55,2025-02-27 03:17:56,3,system-sessions/379//Signals/1469.npy,[23],,,,60333,379,1,1.48495,2.08194,0.326305,0.167,1,1.248,0,,,0.12,2.35,1.81,25.94,Respiration_in_bed,./data/379/Signals/1469.npy
740869,379,1470,56,2025-02-27 03:17:55,2025-02-27 03:18:57,3,system-sessions/379//Signals/1470.npy,[23],,,,60334,379,0,,,,,0,,0,,,0.18,2.43,,,Respiration_in_bed,./data/379/Signals/1470.npy
740870,379,1471,56,2025-02-27 03:18:56,2025-02-27 03:19:57,3,system-sessions/379//Signals/1471.npy,[23],,,,60335,379,0,,,,,0,,0,,,0.12,0.87,,,Respiration_in_bed,./data/379/Signals/1471.npy
740871,379,1472,56,2025-02-27 03:19:57,2025-02-27 03:20:58,3,system-sessions/379//Signals/1472.npy,[23],,,,60336,379,0,,,,,0,,0,,,0.14,2.84,,,Respiration_in_bed,./data/379/Signals/1472.npy
740882,379,1483,58,2025-02-27 03:21:11,2025-02-27 03:22:13,3,system-sessions/379//Signals/1483.npy,[23],,,,60337,379,0,,,,,0,,0,,,0.14,2.41,,,Respiration_in_bed,./data/379/Signals/1483.npy
740883,379,1484,58,2025-02-27 03:22:12,2025-02-27 03:23:13,3,system-sessions/379//Signals/1484.npy,[23],,,,60338,379,0,,,,,0,,0,,,0.13,2.87,,,Respiration_in_bed,./data/379/Signals/1484.npy
740884,379,1485,58,2025-02-27 03:23:13,2025-02-27 03:24:14,3,system-sessions/379//Signals/1485.npy,[23],,,,60339,379,0,,,,,0,,0,,,0.14,2.96,,,Respiration_in_bed,./data/379/Signals/1485.npy
740885,379,1486,58,2025-02-27 03:24:14,2025-02-27 03:25:15,3,system-sessions/379//Signals/1486.npy,[23],,,,60340,379,0,,,,,0,,0,,,0.13,3.38,,,Respiration_in_bed,./data/379/Signals/1486.npy
740886,379,1487,58,2025-02-27 03:25:15,2025-02-27 03:26:16,3,system-sessions/379//Signals/1487.npy,[23],,,,60341,379,0,,,,,0,,0,,,0.16,2.89,,,Respiration_in_bed,./data/379/Signals/1487.npy
740887,379,1488,58,2025-02-27 03:26:15,2025-02-27 03:27:17,3,system-sessions/379//Signals/1488.npy,[23],,,,60342,379,0,,,,,0,,0,,,0.13,1.56,,,Respiration_in_bed,./data/379/Signals/1488.npy
740888,379,1489,58,2025-02-27 03:27:16,2025-02-27 03:28:17,3,system-sessions/379//Signals/1489.npy,[23],,,,60343,379,0,,,,,0,,0,,,0.14,1.3,,,Respiration_in_bed,./data/379/Signals/1489.npy
740889,379,1490,58,2025-02-27 03:28:17,2025-02-27 03:29:18,3,system-sessions/379//Signals/1490.npy,[23],,,,60344,379,0,,,,,0,,0,,,0.13,0.25,,,Respiration_in_bed,./data/379/Signals/1490.npy
740890,379,1491,58,2025-02-27 03:29:18,2025-02-27 03:30:19,3,system-sessions/379//Signals/1491.npy,[23],,,,60345,379,0,,,,,0,,0,,,0.16,5.6,,,Respiration_in_bed,./data/379/Signals/1491.npy
740891,379,1492,58,2025-02-27 03:30:18,2025-02-27 03:31:20,3,system-sessions/379//Signals/1492.npy,[23],,,,60346,379,0,,,,,0,,0,,,0.13,2.51,,,Respiration_in_bed,./data/379/Signals/1492.npy
740902,379,1503,60,2025-02-27 03:31:32,2025-02-27 03:32:33,3,system-sessions/379//Signals/1503.npy,[23],,,,60347,379,1,1.72292,2.1328,1.09901,0.15,1,1.127,0,,,0.12,2.66,1.78,25.27,Respiration_in_bed,./data/379/Signals/1503.npy
740903,379,1504,60,2025-02-27 03:32:33,2025-02-27 03:33:34,3,system-sessions/379//Signals/1504.npy,[23],,,,60348,379,1,3.38421,1.32943,4.41237,0.062,1,1.115,0,,,0.13,4.15,2.28,25.53,Respiration_in_bed,./data/379/Signals/1504.npy
740904,379,1505,60,2025-02-27 03:33:33,2025-02-27 03:34:35,3,system-sessions/379//Signals/1505.npy,[23],,,,60349,379,1,0.100334,5.51839,4.16388,0.192,1,1.115,0,,,0.13,3.27,1.76,24.76,Respiration_in_bed,./data/379/Signals/1505.npy
740905,379,1506,60,2025-02-27 03:34:34,2025-02-27 03:35:35,3,system-sessions/379//Signals/1506.npy,[23],,,,60350,379,0,,,,,0,,0,,,0.13,3.85,,,Respiration_in_bed,./data/379/Signals/1506.npy
740906,379,1507,60,2025-02-27 03:35:35,2025-02-27 03:36:36,3,system-sessions/379//Signals/1507.npy,[23],,,,60351,379,0,,,,,0,,0,,,0.13,2.96,,,Respiration_in_bed,./data/379/Signals/1507.npy
740907,379,1508,60,2025-02-27 03:36:36,2025-02-27 03:37:37,3,system-sessions/379//Signals/1508.npy,[23],,,,60352,379,0,,,,,0,,0,,,0.15,1.68,,,Respiration_in_bed,./data/379/Signals/1508.npy
740908,379,1509,60,2025-02-27 03:37:36,2025-02-27 03:38:38,3,system-sessions/379//Signals/1509.npy,[23],,,,60353,379,0,,,,,0,,0,,,0.13,1.38,,,Respiration_in_bed,./data/379/Signals/1509.npy
740909,379,1510,60,2025-02-27 03:38:37,2025-02-27 03:39:38,3,system-sessions/379//Signals/1510.npy,[23],,,,60354,379,0,,,,,0,,0,,,0.13,2.72,,,Respiration_in_bed,./data/379/Signals/1510.npy
740910,379,1511,60,2025-02-27 03:39:38,2025-02-27 03:40:40,3,system-sessions/379//Signals/1511.npy,[23],,,,60355,379,0,,,,,0,,0,,,0.18,1.83,,,Respiration_in_bed,./data/379/Signals/1511.npy
740911,379,1512,60,2025-02-27 03:40:39,2025-02-27 03:41:40,3,system-sessions/379//Signals/1512.npy,[23],,,,60356,379,0,,,,,0,,0,,,0.13,2.96,,,Respiration_in_bed,./data/379/Signals/1512.npy
740922,379,1523,62,2025-02-27 03:41:53,2025-02-27 03:42:54,3,system-sessions/379//Signals/1523.npy,[23],,,,60357,379,0,,,,,0,,0,,,0.13,1.96,,,Respiration_in_bed,./data/379/Signals/1523.npy
740923,379,1524,62,2025-02-27 03:42:54,2025-02-27 03:43:55,3,system-sessions/379//Signals/1524.npy,[23],,,,60358,379,0,,,,,0,,0,,,0.13,2.02,,,Respiration_in_bed,./data/379/Signals/1524.npy
740924,379,1525,62,2025-02-27 03:43:55,2025-02-27 03:44:56,3,system-sessions/379//Signals/1525.npy,[23],,,,60359,379,1,1.82396,1.56459,0.502159,0.142,1,1.091,0,,,0.14,3.37,1.79,26.26,Respiration_in_bed,./data/379/Signals/1525.npy
740925,379,1526,62,2025-02-27 03:44:55,2025-02-27 03:45:57,3,system-sessions/379//Signals/1526.npy,[23],,,,60360,379,0,,,,,0,,0,,,0.13,2.31,,,Respiration_in_bed,./data/379/Signals/1526.npy
740926,379,1527,62,2025-02-27 03:45:56,2025-02-27 03:46:57,3,system-sessions/379//Signals/1527.npy,[23],,,,60361,379,1,1.13398,1.44649,1.31689,0.146,1,1.067,0,,,0.13,2.76,1.83,25.17,Respiration_in_bed,./data/379/Signals/1527.npy
740927,379,1528,62,2025-02-27 03:46:57,2025-02-27 03:47:58,3,system-sessions/379//Signals/1528.npy,[23],,,,60362,379,0,,,,,0,,0,,,0.13,1.78,,,Respiration_in_bed,./data/379/Signals/1528.npy
740928,379,1529,62,2025-02-27 03:47:58,2025-02-27 03:48:59,3,system-sessions/379//Signals/1529.npy,[23],,,,60363,379,0,,,,,0,,0,,,0.13,2.55,,,Respiration_in_bed,./data/379/Signals/1529.npy
740929,379,1530,62,2025-02-27 03:48:59,2025-02-27 03:50:00,3,system-sessions/379//Signals/1530.npy,[23],,,,60364,379,0,,,,,0,,0,,,0.13,2.38,,,Respiration_in_bed,./data/379/Signals/1530.npy
740930,379,1531,62,2025-02-27 03:49:59,2025-02-27 03:51:00,3,system-sessions/379//Signals/1531.npy,[23],,,,60365,379,1,1.03853,0.150754,0.653266,0.188,1,1.055,0,,,0.14,2.29,1.78,26.26,Respiration_in_bed,./data/379/Signals/1531.npy
740931,379,1532,62,2025-02-27 03:51:00,2025-02-27 03:52:01,3,system-sessions/379//Signals/1532.npy,[23],,,,60366,379,1,1.57035,1.12647,0.384422,0.217,1,1.055,0,,,0.16,2.49,1.77,26.45,Respiration_in_bed,./data/379/Signals/1532.npy
740942,379,1543,64,2025-02-27 03:52:27,2025-02-27 03:53:28,3,system-sessions/379//Signals/1543.npy,[23],,,,60367,379,1,1.35678,0.829146,0.80402,0.208,1,1.055,0,,,0.13,1.98,1.74,26.44,Respiration_in_bed,./data/379/Signals/1543.npy
740943,379,1544,64,2025-02-27 03:53:28,2025-02-27 03:54:29,3,system-sessions/379//Signals/1544.npy,[23],,,,60368,379,0,,,,,0,,0,,,0.15,1.8,,,Respiration_in_bed,./data/379/Signals/1544.npy
740944,379,1545,64,2025-02-27 03:54:29,2025-02-27 03:55:30,3,system-sessions/379//Signals/1545.npy,[23],,,,60369,379,1,1.42797,1.33166,0.542714,0.217,1,1.055,0,,,0.14,1.86,1.78,26.23,Respiration_in_bed,./data/379/Signals/1545.npy
740945,379,1546,64,2025-02-27 03:55:29,2025-02-27 03:56:31,3,system-sessions/379//Signals/1546.npy,[23],,,,60370,379,1,1.72691,1.30653,0.0753769,0.208,1,1.042,0,,,0.14,2.31,1.69,25.64,Respiration_in_bed,./data/379/Signals/1546.npy
740946,379,1547,64,2025-02-27 03:56:30,2025-02-27 03:57:31,3,system-sessions/379//Signals/1547.npy,[23],,,,60371,379,1,1.44054,1.72362,0.29397,0.217,1,1.036,0,,,0.12,2.1,1.73,27.04,Respiration_in_bed,./data/379/Signals/1547.npy
740947,379,1548,64,2025-02-27 03:57:31,2025-02-27 03:58:32,3,system-sessions/379//Signals/1548.npy,[23],,,,60372,379,1,0.871022,0.502513,0.527638,0.217,1,1.042,0,,,0.14,2.23,1.72,26.55,Respiration_in_bed,./data/379/Signals/1548.npy
740948,379,1549,64,2025-02-27 03:58:32,2025-02-27 03:59:33,3,system-sessions/379//Signals/1549.npy,[23],,,,60373,379,1,0.854271,0.658291,0.494975,0.217,1,1.042,0,,,0.13,2.11,1.72,25.06,Respiration_in_bed,./data/379/Signals/1549.npy
740949,379,1550,64,2025-02-27 03:59:32,2025-02-27 04:00:34,3,system-sessions/379//Signals/1550.npy,[23],,,,60374,379,1,1.5201,1.88301,0.577889,0.2,1,1.048,0,,,0.13,2.32,1.7,26.9,Respiration_in_bed,./data/379/Signals/1550.npy
740950,379,1551,64,2025-02-27 04:00:33,2025-02-27 04:01:35,3,system-sessions/379//Signals/1551.npy,[23],,,,60375,379,1,1.25628,1.13903,0.40201,0.217,1,1.03,0,,,0.12,2.53,1.73,25.53,Respiration_in_bed,./data/379/Signals/1551.npy
740951,379,1552,64,2025-02-27 04:01:34,2025-02-27 04:02:35,3,system-sessions/379//Signals/1552.npy,[23],,,,60376,379,1,1.30653,0.752508,0.678392,0.208,1,1.018,0,,,0.13,1.91,1.72,25.77,Respiration_in_bed,./data/379/Signals/1552.npy
740962,379,1563,66,2025-02-27 04:03:01,2025-02-27 04:04:03,3,system-sessions/379//Signals/1563.npy,[23],,,,60377,379,1,1.40704,1.28141,0.301508,0.208,1,1.012,0,,,0.13,2.26,1.78,26.15,Respiration_in_bed,./data/379/Signals/1563.npy
740963,379,1564,66,2025-02-27 04:04:02,2025-02-27 04:05:03,3,system-sessions/379//Signals/1564.npy,[23],,,,60378,379,1,1.23953,1.07203,0.276382,0.213,1,1.024,0,,,0.12,2.16,1.7,25.22,Respiration_in_bed,./data/379/Signals/1564.npy
740964,379,1565,66,2025-02-27 04:05:03,2025-02-27 04:06:04,3,system-sessions/379//Signals/1565.npy,[23],,,,60379,379,1,1.23953,1.1809,0.502008,0.183,1,1.03,0,,,0.13,2.35,1.7,25.38,Respiration_in_bed,./data/379/Signals/1565.npy
740965,379,1566,66,2025-02-27 04:06:03,2025-02-27 04:07:05,3,system-sessions/379//Signals/1566.npy,[23],,,,60380,379,1,1.48241,1.15578,0.276382,0.217,1,1.03,0,,,0.14,2.04,1.68,26.97,Respiration_in_bed,./data/379/Signals/1566.npy
740966,379,1567,66,2025-02-27 04:07:04,2025-02-27 04:08:05,3,system-sessions/379//Signals/1567.npy,[23],,,,60381,379,1,1.67504,1.20603,0.427136,0.208,1,1.024,0,,,0.13,2.18,1.77,25.29,Respiration_in_bed,./data/379/Signals/1567.npy
740967,379,1568,66,2025-02-27 04:08:05,2025-02-27 04:09:06,3,system-sessions/379//Signals/1568.npy,[23],,,,60382,379,1,1.48241,1.69598,0.381072,0.217,1,1.03,0,,,0.14,1.92,1.79,25.39,Respiration_in_bed,./data/379/Signals/1568.npy
740968,379,1569,66,2025-02-27 04:09:06,2025-02-27 04:10:07,3,system-sessions/379//Signals/1569.npy,[23],,,,60383,379,1,1.70352,1.48241,0.432161,0.217,1,1.055,0,,,0.13,2.23,1.74,26.4,Respiration_in_bed,./data/379/Signals/1569.npy
740969,379,1570,66,2025-02-27 04:10:06,2025-02-27 04:11:07,3,system-sessions/379//Signals/1570.npy,[23],,,,60384,379,0,,,,,0,,0,,,0.13,2.0,,,Respiration_in_bed,./data/379/Signals/1570.npy
740970,379,1571,66,2025-02-27 04:11:07,2025-02-27 04:12:08,3,system-sessions/379//Signals/1571.npy,[23],,,,60385,379,0,,,,,0,,0,,,0.14,2.71,,,Respiration_in_bed,./data/379/Signals/1571.npy
740971,379,1572,66,2025-02-27 04:12:08,2025-02-27 04:13:09,3,system-sessions/379//Signals/1572.npy,[23],,,,60386,379,0,,,,,0,,0,,,0.14,2.53,,,Respiration_in_bed,./data/379/Signals/1572.npy
